dataset,parameter_type,parameter_value,train_accuracy,test_accuracy,final_population_size,best_model_fitness,best_model_id,train_precision,train_recall,train_f1,test_precision,test_recall,test_f1,lineage_file,generation_stats,parameter_config,training_time,convergence_generation
breast_cancer,initial_population,1,0.6263736486434937,0.6140350699424744,1,0.014342996917293044,480718,0.394587791063562,0.6263736263736264,0.48416988416988416,0.3858096568855767,0.6140350877192983,0.47387490465293675,arcnet_breast_cancer_initial_population_1_phase_20250722_175221,"[{'generation': 0, 'population_size': 1, 'avg_fitness': 0.0028366915595700467, 'best_fitness': 0.0028366915595700467, 'worst_fitness': 0.0028366915595700467, 'fitness_std': 0.0, 'avg_assembly_index': 19.0, 'total_q_experiences': 0, 'lineage_size': 1}, {'generation': 1, 'population_size': 1, 'avg_fitness': 0.004179765638214038, 'best_fitness': 0.004179765638214038, 'worst_fitness': 0.004179765638214038, 'fitness_std': 0.0, 'avg_assembly_index': 19.0, 'total_q_experiences': 0, 'lineage_size': 1}, {'generation': 2, 'population_size': 1, 'avg_fitness': 0.005874024159183043, 'best_fitness': 0.005874024159183043, 'worst_fitness': 0.005874024159183043, 'fitness_std': 0.0, 'avg_assembly_index': 19.0, 'total_q_experiences': 0, 'lineage_size': 1}, {'generation': 3, 'population_size': 1, 'avg_fitness': 0.00906571007489558, 'best_fitness': 0.00906571007489558, 'worst_fitness': 0.00906571007489558, 'fitness_std': 0.0, 'avg_assembly_index': 19.0, 'total_q_experiences': 0, 'lineage_size': 1}, {'generation': 4, 'population_size': 1, 'avg_fitness': 0.014342996917293044, 'best_fitness': 0.014342996917293044, 'worst_fitness': 0.014342996917293044, 'fitness_std': 0.0, 'avg_assembly_index': 19.0, 'total_q_experiences': 0, 'lineage_size': 1}]","{'hidden_dim': 16, 'initial_population': 1, 'steps': 5, 'epochs': 2, 'lineage_prune_rate': 800, 'lineage_kept': 500, 'num_survivors': 5, 'q_learning_method': 'neural', 'training_method': 'loss', 'enable_irxn': True}",0,0
breast_cancer,initial_population,5,0.5252747535705566,0.5350877046585083,7,0.06290095703903074,329780,0.4380221514123831,0.5252747252747253,0.4652263359938918,0.3977898176814586,0.5350877192982456,0.4457209761134312,arcnet_breast_cancer_initial_population_5_phase_20250722_175221,"[{'generation': 0, 'population_size': 5, 'avg_fitness': 0.009602963706688821, 'best_fitness': 0.021551966173778678, 'worst_fitness': 0.0004737881012791469, 'fitness_std': 0.007715215152595838, 'avg_assembly_index': 19.0, 'total_q_experiences': 0, 'lineage_size': 5}, {'generation': 1, 'population_size': 7, 'avg_fitness': 0.01731914976238545, 'best_fitness': 0.03258190438039334, 'worst_fitness': 0.0005523438880101192, 'fitness_std': 0.011431499390722773, 'avg_assembly_index': 19.0, 'total_q_experiences': 186, 'lineage_size': 7}, {'generation': 2, 'population_size': 7, 'avg_fitness': 0.019731754111509108, 'best_fitness': 0.036794009744775806, 'worst_fitness': 0.0006484183444451753, 'fitness_std': 0.013787885021345283, 'avg_assembly_index': 19.285714285714285, 'total_q_experiences': 466, 'lineage_size': 9}, {'generation': 3, 'population_size': 7, 'avg_fitness': 0.026884267285929683, 'best_fitness': 0.056416091920628283, 'worst_fitness': 0.0007453891783176188, 'fitness_std': 0.01564133820872306, 'avg_assembly_index': 19.571428571428573, 'total_q_experiences': 672, 'lineage_size': 11}, {'generation': 4, 'population_size': 7, 'avg_fitness': 0.03819185937949137, 'best_fitness': 0.06290095703903074, 'worst_fitness': 0.0008574542943994795, 'fitness_std': 0.020675529629492196, 'avg_assembly_index': 19.571428571428573, 'total_q_experiences': 672, 'lineage_size': 13}]","{'hidden_dim': 16, 'initial_population': 5, 'steps': 5, 'epochs': 2, 'lineage_prune_rate': 800, 'lineage_kept': 500, 'num_survivors': 5, 'q_learning_method': 'neural', 'training_method': 'loss', 'enable_irxn': True}",0,0
breast_cancer,initial_population,10,0.30989012122154236,0.28070175647735596,7,0.5154245500461824,217722,0.3098901098901099,0.3098901098901099,0.3098901098901099,0.2807017543859649,0.2807017543859649,0.2807017543859649,arcnet_breast_cancer_initial_population_10_phase_20250722_175222,"[{'generation': 0, 'population_size': 10, 'avg_fitness': 0.04333596210741179, 'best_fitness': 0.34416141986410054, 'worst_fitness': 0.0007280302950184581, 'fitness_std': 0.10080404534892733, 'avg_assembly_index': 19.0, 'total_q_experiences': 0, 'lineage_size': 10}, {'generation': 1, 'population_size': 7, 'avg_fitness': 0.12922357440000176, 'best_fitness': 0.43980027761822105, 'worst_fitness': 0.007311969713164513, 'fitness_std': 0.1714332661609607, 'avg_assembly_index': 19.0, 'total_q_experiences': 186, 'lineage_size': 12}, {'generation': 2, 'population_size': 7, 'avg_fitness': 0.247279194377176, 'best_fitness': 0.4636472565573724, 'worst_fitness': 0.010367784564726593, 'fitness_std': 0.19951851580421745, 'avg_assembly_index': 19.285714285714285, 'total_q_experiences': 448, 'lineage_size': 14}, {'generation': 3, 'population_size': 7, 'avg_fitness': 0.3712463590661506, 'best_fitness': 0.5211143646647202, 'worst_fitness': 0.05573203196113317, 'fitness_std': 0.15128875557047616, 'avg_assembly_index': 19.571428571428573, 'total_q_experiences': 658, 'lineage_size': 16}, {'generation': 4, 'population_size': 7, 'avg_fitness': 0.48150341420081183, 'best_fitness': 0.5178454203941982, 'worst_fitness': 0.42326345266415394, 'fitness_std': 0.03004389232240109, 'avg_assembly_index': 19.714285714285715, 'total_q_experiences': 672, 'lineage_size': 18}]","{'hidden_dim': 16, 'initial_population': 10, 'steps': 5, 'epochs': 2, 'lineage_prune_rate': 800, 'lineage_kept': 500, 'num_survivors': 5, 'q_learning_method': 'neural', 'training_method': 'loss', 'enable_irxn': True}",0,0
breast_cancer,initial_population,20,0.6527472734451294,0.640350878238678,7,0.5036978699531711,967912,0.7481577246283129,0.6527472527472528,0.5411302982731554,0.7720081453634084,0.6403508771929824,0.5167992841849615,arcnet_breast_cancer_initial_population_20_phase_20250722_175224,"[{'generation': 0, 'population_size': 20, 'avg_fitness': 0.03220089011705289, 'best_fitness': 0.3119974250548206, 'worst_fitness': 0.00040868976615282445, 'fitness_std': 0.07058990616568125, 'avg_assembly_index': 19.0, 'total_q_experiences': 0, 'lineage_size': 20}, {'generation': 1, 'population_size': 7, 'avg_fitness': 0.170532822502184, 'best_fitness': 0.40447408101161725, 'worst_fitness': 0.020059020705607028, 'fitness_std': 0.1251353045505588, 'avg_assembly_index': 19.0, 'total_q_experiences': 186, 'lineage_size': 22}, {'generation': 2, 'population_size': 7, 'avg_fitness': 0.31112273318992123, 'best_fitness': 0.44678015913658586, 'worst_fitness': 0.06402758610414484, 'fitness_std': 0.12965351646766235, 'avg_assembly_index': 19.285714285714285, 'total_q_experiences': 441, 'lineage_size': 24}, {'generation': 3, 'population_size': 7, 'avg_fitness': 0.4171583817024197, 'best_fitness': 0.5222366706774748, 'worst_fitness': 0.32434417088126294, 'fitness_std': 0.06225967097007746, 'avg_assembly_index': 19.571428571428573, 'total_q_experiences': 658, 'lineage_size': 26}, {'generation': 4, 'population_size': 7, 'avg_fitness': 0.4317731705242703, 'best_fitness': 0.5036978699531711, 'worst_fitness': 0.2938808753259764, 'fitness_std': 0.07332532591384222, 'avg_assembly_index': 19.571428571428573, 'total_q_experiences': 672, 'lineage_size': 28}]","{'hidden_dim': 16, 'initial_population': 20, 'steps': 5, 'epochs': 2, 'lineage_prune_rate': 800, 'lineage_kept': 500, 'num_survivors': 5, 'q_learning_method': 'neural', 'training_method': 'loss', 'enable_irxn': True}",0,0
breast_cancer,initial_population,50,0.6571428775787354,0.6578947305679321,7,0.6845242631901317,308467,0.7352979547983577,0.6571428571428571,0.5530412200524479,0.7791866028708134,0.6578947368421053,0.5528140911818751,arcnet_breast_cancer_initial_population_50_phase_20250722_175226,"[{'generation': 0, 'population_size': 50, 'avg_fitness': 0.031602906493203714, 'best_fitness': 0.42613458364390694, 'worst_fitness': 0.00036357881205416434, 'fitness_std': 0.0720629790182243, 'avg_assembly_index': 19.0, 'total_q_experiences': 0, 'lineage_size': 50}, {'generation': 1, 'population_size': 7, 'avg_fitness': 0.29418555889813713, 'best_fitness': 0.47603028145775694, 'worst_fitness': 0.09395838926222608, 'fitness_std': 0.12758536574346194, 'avg_assembly_index': 19.0, 'total_q_experiences': 186, 'lineage_size': 52}, {'generation': 2, 'population_size': 7, 'avg_fitness': 0.40267021894029265, 'best_fitness': 0.5536314349049748, 'worst_fitness': 0.32870749339987676, 'fitness_std': 0.07137169564849745, 'avg_assembly_index': 19.285714285714285, 'total_q_experiences': 454, 'lineage_size': 54}, {'generation': 3, 'population_size': 7, 'avg_fitness': 0.41963459321696994, 'best_fitness': 0.6149071557858969, 'worst_fitness': 0.30054735925510934, 'fitness_std': 0.09925994169624709, 'avg_assembly_index': 19.571428571428573, 'total_q_experiences': 666, 'lineage_size': 56}, {'generation': 4, 'population_size': 7, 'avg_fitness': 0.5315224252551721, 'best_fitness': 0.6845242631901317, 'worst_fitness': 0.3807852650233139, 'fitness_std': 0.09428466988409819, 'avg_assembly_index': 19.571428571428573, 'total_q_experiences': 672, 'lineage_size': 58}]","{'hidden_dim': 16, 'initial_population': 50, 'steps': 5, 'epochs': 2, 'lineage_prune_rate': 800, 'lineage_kept': 500, 'num_survivors': 5, 'q_learning_method': 'neural', 'training_method': 'loss', 'enable_irxn': True}",0,0
breast_cancer,initial_population,100,0.6681318879127502,0.6491228342056274,7,0.6923024914006446,162520,0.7828048381824126,0.6681318681318681,0.5687979907164676,0.7755650387229334,0.6491228070175439,0.5351254390155992,arcnet_breast_cancer_initial_population_100_phase_20250722_175229,"[{'generation': 0, 'population_size': 100, 'avg_fitness': 0.027061920901958244, 'best_fitness': 0.4672046185075699, 'worst_fitness': 0.00023163804745413046, 'fitness_std': 0.06079020387131034, 'avg_assembly_index': 19.0, 'total_q_experiences': 0, 'lineage_size': 100}, {'generation': 1, 'population_size': 7, 'avg_fitness': 0.39872342764796037, 'best_fitness': 0.5694237083366298, 'worst_fitness': 0.12841743504367406, 'fitness_std': 0.15446054440887683, 'avg_assembly_index': 19.0, 'total_q_experiences': 186, 'lineage_size': 102}, {'generation': 2, 'population_size': 7, 'avg_fitness': 0.5547410347556497, 'best_fitness': 0.6195126964126663, 'worst_fitness': 0.3821648726917842, 'fitness_std': 0.07473663712584373, 'avg_assembly_index': 19.285714285714285, 'total_q_experiences': 457, 'lineage_size': 104}, {'generation': 3, 'population_size': 7, 'avg_fitness': 0.6017028419519025, 'best_fitness': 0.6594261867238862, 'worst_fitness': 0.504976028169215, 'fitness_std': 0.04862577047338742, 'avg_assembly_index': 19.571428571428573, 'total_q_experiences': 666, 'lineage_size': 106}, {'generation': 4, 'population_size': 7, 'avg_fitness': 0.5955114553315756, 'best_fitness': 0.6923024914006446, 'worst_fitness': 0.23886495318637502, 'fitness_std': 0.14672524546490687, 'avg_assembly_index': 19.571428571428573, 'total_q_experiences': 672, 'lineage_size': 108}]","{'hidden_dim': 16, 'initial_population': 100, 'steps': 5, 'epochs': 2, 'lineage_prune_rate': 800, 'lineage_kept': 500, 'num_survivors': 5, 'q_learning_method': 'neural', 'training_method': 'loss', 'enable_irxn': True}",0,0
iris,initial_population,1,0.34166666865348816,0.30000001192092896,1,0.4817502922567412,831888,0.11673611111111111,0.3416666666666667,0.17401656314699793,0.09,0.3,0.13846153846153847,arcnet_iris_initial_population_1_phase_20250722_175502,"[{'generation': 0, 'population_size': 1, 'avg_fitness': 0.4696493734795098, 'best_fitness': 0.4696493734795098, 'worst_fitness': 0.4696493734795098, 'fitness_std': 0.0, 'avg_assembly_index': 19.0, 'total_q_experiences': 0, 'lineage_size': 1}, {'generation': 1, 'population_size': 1, 'avg_fitness': 0.47354969546097014, 'best_fitness': 0.47354969546097014, 'worst_fitness': 0.47354969546097014, 'fitness_std': 0.0, 'avg_assembly_index': 19.0, 'total_q_experiences': 0, 'lineage_size': 1}, {'generation': 2, 'population_size': 1, 'avg_fitness': 0.47274457080547233, 'best_fitness': 0.47274457080547233, 'worst_fitness': 0.47274457080547233, 'fitness_std': 0.0, 'avg_assembly_index': 19.0, 'total_q_experiences': 0, 'lineage_size': 1}, {'generation': 3, 'population_size': 1, 'avg_fitness': 0.47449856863185413, 'best_fitness': 0.47449856863185413, 'worst_fitness': 0.47449856863185413, 'fitness_std': 0.0, 'avg_assembly_index': 19.0, 'total_q_experiences': 0, 'lineage_size': 1}, {'generation': 4, 'population_size': 1, 'avg_fitness': 0.4817502922567412, 'best_fitness': 0.4817502922567412, 'worst_fitness': 0.4817502922567412, 'fitness_std': 0.0, 'avg_assembly_index': 19.0, 'total_q_experiences': 0, 'lineage_size': 1}]","{'hidden_dim': 16, 'initial_population': 1, 'steps': 5, 'epochs': 2, 'lineage_prune_rate': 800, 'lineage_kept': 500, 'num_survivors': 5, 'q_learning_method': 'neural', 'training_method': 'loss', 'enable_irxn': True}",0,0
iris,initial_population,5,0.5583333373069763,0.5666666626930237,6,0.4762944840034453,407216,0.4740248226950355,0.5583333333333333,0.4675308641975308,0.4893939393939394,0.5666666666666667,0.4829654782116582,arcnet_iris_initial_population_5_phase_20250722_175502,"[{'generation': 0, 'population_size': 5, 'avg_fitness': 0.46628780839235356, 'best_fitness': 0.47112805930930823, 'worst_fitness': 0.4576193028466844, 'fitness_std': 0.004736606112291444, 'avg_assembly_index': 19.0, 'total_q_experiences': 0, 'lineage_size': 5}, {'generation': 1, 'population_size': 5, 'avg_fitness': 0.4683586315371233, 'best_fitness': 0.4725444958414817, 'worst_fitness': 0.4567311040249479, 'fitness_std': 0.005888196787027737, 'avg_assembly_index': 19.0, 'total_q_experiences': 71, 'lineage_size': 7}, {'generation': 2, 'population_size': 6, 'avg_fitness': 0.47049221851088835, 'best_fitness': 0.4752402641867887, 'worst_fitness': 0.4581793366810918, 'fitness_std': 0.005727076026804395, 'avg_assembly_index': 19.333333333333332, 'total_q_experiences': 304, 'lineage_size': 9}, {'generation': 3, 'population_size': 7, 'avg_fitness': 0.4716602819947938, 'best_fitness': 0.4765130137189787, 'worst_fitness': 0.4591870941212766, 'fitness_std': 0.005279080739354386, 'avg_assembly_index': 19.571428571428573, 'total_q_experiences': 608, 'lineage_size': 11}, {'generation': 4, 'population_size': 5, 'avg_fitness': 0.4751478666289355, 'best_fitness': 0.4762944840034453, 'worst_fitness': 0.4734925747826131, 'fitness_std': 0.0009118293431118775, 'avg_assembly_index': 19.8, 'total_q_experiences': 488, 'lineage_size': 13}]","{'hidden_dim': 16, 'initial_population': 5, 'steps': 5, 'epochs': 2, 'lineage_prune_rate': 800, 'lineage_kept': 500, 'num_survivors': 5, 'q_learning_method': 'neural', 'training_method': 'loss', 'enable_irxn': True}",0,0
iris,initial_population,10,0.4749999940395355,0.46666666865348816,6,0.48859671250899234,510306,0.3104699666295884,0.475,0.37523252325232526,0.30648567119155357,0.4666666666666667,0.36991341991341986,arcnet_iris_initial_population_10_phase_20250722_175503,"[{'generation': 0, 'population_size': 10, 'avg_fitness': 0.47008133919898826, 'best_fitness': 0.4818206584186802, 'worst_fitness': 0.438418113111619, 'fitness_std': 0.013153832043445913, 'avg_assembly_index': 19.0, 'total_q_experiences': 0, 'lineage_size': 10}, {'generation': 1, 'population_size': 6, 'avg_fitness': 0.48100052911036206, 'best_fitness': 0.4848192300925852, 'worst_fitness': 0.47701970048654985, 'fitness_std': 0.002682059751680373, 'avg_assembly_index': 19.0, 'total_q_experiences': 111, 'lineage_size': 12}, {'generation': 2, 'population_size': 7, 'avg_fitness': 0.4818677174097565, 'best_fitness': 0.4884278984374177, 'worst_fitness': 0.4774031877385705, 'fitness_std': 0.003932166457580996, 'avg_assembly_index': 19.285714285714285, 'total_q_experiences': 399, 'lineage_size': 14}, {'generation': 3, 'population_size': 7, 'avg_fitness': 0.4863429057696679, 'best_fitness': 0.4917119309167846, 'worst_fitness': 0.47781771834766795, 'fitness_std': 0.005061023531032679, 'avg_assembly_index': 19.571428571428573, 'total_q_experiences': 650, 'lineage_size': 16}, {'generation': 4, 'population_size': 5, 'avg_fitness': 0.48478398880411105, 'best_fitness': 0.49312035855740183, 'worst_fitness': 0.4790532474092425, 'fitness_std': 0.005256178614836498, 'avg_assembly_index': 19.6, 'total_q_experiences': 488, 'lineage_size': 18}]","{'hidden_dim': 16, 'initial_population': 10, 'steps': 5, 'epochs': 2, 'lineage_prune_rate': 800, 'lineage_kept': 500, 'num_survivors': 5, 'q_learning_method': 'neural', 'training_method': 'loss', 'enable_irxn': True}",0,0
iris,initial_population,20,0.3499999940395355,0.30000001192092896,5,0.48597233159379666,148426,0.44271708683473393,0.35,0.19135416666666666,0.09,0.3,0.13846153846153847,arcnet_iris_initial_population_20_phase_20250722_175504,"[{'generation': 0, 'population_size': 20, 'avg_fitness': 0.46873411602924797, 'best_fitness': 0.5000620114216067, 'worst_fitness': 0.42374032642107773, 'fitness_std': 0.015882798507287778, 'avg_assembly_index': 19.0, 'total_q_experiences': 0, 'lineage_size': 20}, {'generation': 1, 'population_size': 5, 'avg_fitness': 0.4877251619950285, 'best_fitness': 0.5046027224315325, 'worst_fitness': 0.479046052473784, 'fitness_std': 0.00894346628017577, 'avg_assembly_index': 19.0, 'total_q_experiences': 0, 'lineage_size': 22}, {'generation': 2, 'population_size': 6, 'avg_fitness': 0.49127223738196535, 'best_fitness': 0.5084997655754425, 'worst_fitness': 0.48064107417442214, 'fitness_std': 0.01070567463678689, 'avg_assembly_index': 19.0, 'total_q_experiences': 111, 'lineage_size': 24}, {'generation': 3, 'population_size': 6, 'avg_fitness': 0.4930715489817339, 'best_fitness': 0.5110160508206032, 'worst_fitness': 0.48205863886115524, 'fitness_std': 0.011906812619941191, 'avg_assembly_index': 19.333333333333332, 'total_q_experiences': 368, 'lineage_size': 26}, {'generation': 4, 'population_size': 5, 'avg_fitness': 0.48957338203807443, 'best_fitness': 0.5128530282164576, 'worst_fitness': 0.481768718844234, 'fitness_std': 0.011726926465922468, 'avg_assembly_index': 19.6, 'total_q_experiences': 442, 'lineage_size': 28}]","{'hidden_dim': 16, 'initial_population': 20, 'steps': 5, 'epochs': 2, 'lineage_prune_rate': 800, 'lineage_kept': 500, 'num_survivors': 5, 'q_learning_method': 'neural', 'training_method': 'loss', 'enable_irxn': True}",0,0
iris,initial_population,50,0.6583333611488342,0.699999988079071,6,0.5000917781940138,335781,0.4917708333333334,0.6583333333333333,0.546358543417367,0.535,0.7,0.5935483870967742,arcnet_iris_initial_population_50_phase_20250722_175505,"[{'generation': 0, 'population_size': 50, 'avg_fitness': 0.46621405450753917, 'best_fitness': 0.4913384446868158, 'worst_fitness': 0.40267019923193875, 'fitness_std': 0.01771994176383897, 'avg_assembly_index': 19.0, 'total_q_experiences': 0, 'lineage_size': 50}, {'generation': 1, 'population_size': 5, 'avg_fitness': 0.4881730372346196, 'best_fitness': 0.49670653787891483, 'worst_fitness': 0.4828230924661228, 'fitness_std': 0.004601943449494845, 'avg_assembly_index': 19.0, 'total_q_experiences': 0, 'lineage_size': 52}, {'generation': 2, 'population_size': 6, 'avg_fitness': 0.48941844167872267, 'best_fitness': 0.49401986595647135, 'worst_fitness': 0.4812742079072073, 'fitness_std': 0.004472747929158715, 'avg_assembly_index': 19.0, 'total_q_experiences': 111, 'lineage_size': 54}, {'generation': 3, 'population_size': 6, 'avg_fitness': 0.49161820452877486, 'best_fitness': 0.4974932911771737, 'worst_fitness': 0.48294601045731467, 'fitness_std': 0.0051887166042672355, 'avg_assembly_index': 19.333333333333332, 'total_q_experiences': 350, 'lineage_size': 56}, {'generation': 4, 'population_size': 6, 'avg_fitness': 0.49209944850569753, 'best_fitness': 0.5000917781940138, 'worst_fitness': 0.4823059498890081, 'fitness_std': 0.006328047414514136, 'avg_assembly_index': 19.5, 'total_q_experiences': 538, 'lineage_size': 58}]","{'hidden_dim': 16, 'initial_population': 50, 'steps': 5, 'epochs': 2, 'lineage_prune_rate': 800, 'lineage_kept': 500, 'num_survivors': 5, 'q_learning_method': 'neural', 'training_method': 'loss', 'enable_irxn': True}",0,0
iris,initial_population,100,0.675000011920929,0.6333333253860474,5,0.4964860238778974,28597,0.5084375,0.675,0.5648760330578513,0.4683333333333334,0.6333333333333333,0.5195402298850574,arcnet_iris_initial_population_100_phase_20250722_175507,"[{'generation': 0, 'population_size': 100, 'avg_fitness': 0.46499428726935427, 'best_fitness': 0.4883384748364406, 'worst_fitness': 0.4069065093822794, 'fitness_std': 0.015641328512640367, 'avg_assembly_index': 19.0, 'total_q_experiences': 0, 'lineage_size': 100}, {'generation': 1, 'population_size': 6, 'avg_fitness': 0.48749086841956785, 'best_fitness': 0.49122749896951007, 'worst_fitness': 0.4830250423537576, 'fitness_std': 0.003210977367506633, 'avg_assembly_index': 19.0, 'total_q_experiences': 133, 'lineage_size': 102}, {'generation': 2, 'population_size': 5, 'avg_fitness': 0.48940227894928245, 'best_fitness': 0.4934241933499145, 'worst_fitness': 0.4844585995795195, 'fitness_std': 0.003146831101375629, 'avg_assembly_index': 19.4, 'total_q_experiences': 328, 'lineage_size': 104}, {'generation': 3, 'population_size': 5, 'avg_fitness': 0.49151437332159836, 'best_fitness': 0.49544890985515133, 'worst_fitness': 0.4874952695232702, 'fitness_std': 0.0028820736884754864, 'avg_assembly_index': 19.4, 'total_q_experiences': 403, 'lineage_size': 106}, {'generation': 4, 'population_size': 6, 'avg_fitness': 0.4928507689014389, 'best_fitness': 0.49804453910114344, 'worst_fitness': 0.48626426210920676, 'fitness_std': 0.004452486876388465, 'avg_assembly_index': 19.5, 'total_q_experiences': 599, 'lineage_size': 108}]","{'hidden_dim': 16, 'initial_population': 100, 'steps': 5, 'epochs': 2, 'lineage_prune_rate': 800, 'lineage_kept': 500, 'num_survivors': 5, 'q_learning_method': 'neural', 'training_method': 'loss', 'enable_irxn': True}",0,0
wine,initial_population,1,0.40140846371650696,0.3888888955116272,1,0.13868997141818107,193450,0.16112874429676655,0.4014084507042254,0.22995257980041053,0.15123456790123457,0.3888888888888889,0.2177777777777778,arcnet_wine_initial_population_1_phase_20250722_175734,"[{'generation': 0, 'population_size': 1, 'avg_fitness': 0.08758908003299158, 'best_fitness': 0.08758908003299158, 'worst_fitness': 0.08758908003299158, 'fitness_std': 0.0, 'avg_assembly_index': 19.0, 'total_q_experiences': 0, 'lineage_size': 1}, {'generation': 1, 'population_size': 1, 'avg_fitness': 0.10113047673222456, 'best_fitness': 0.10113047673222456, 'worst_fitness': 0.10113047673222456, 'fitness_std': 0.0, 'avg_assembly_index': 19.0, 'total_q_experiences': 0, 'lineage_size': 1}, {'generation': 2, 'population_size': 1, 'avg_fitness': 0.1096804696096767, 'best_fitness': 0.1096804696096767, 'worst_fitness': 0.1096804696096767, 'fitness_std': 0.0, 'avg_assembly_index': 19.0, 'total_q_experiences': 0, 'lineage_size': 1}, {'generation': 3, 'population_size': 1, 'avg_fitness': 0.1175994603714337, 'best_fitness': 0.1175994603714337, 'worst_fitness': 0.1175994603714337, 'fitness_std': 0.0, 'avg_assembly_index': 19.0, 'total_q_experiences': 0, 'lineage_size': 1}, {'generation': 4, 'population_size': 1, 'avg_fitness': 0.13868997141818107, 'best_fitness': 0.13868997141818107, 'worst_fitness': 0.13868997141818107, 'fitness_std': 0.0, 'avg_assembly_index': 19.0, 'total_q_experiences': 0, 'lineage_size': 1}]","{'hidden_dim': 16, 'initial_population': 1, 'steps': 5, 'epochs': 2, 'lineage_prune_rate': 800, 'lineage_kept': 500, 'num_survivors': 5, 'q_learning_method': 'neural', 'training_method': 'loss', 'enable_irxn': True}",0,0
wine,initial_population,5,0.3802816867828369,0.4166666567325592,5,0.152882894868734,474472,0.2621638924455826,0.38028169014084506,0.2880508859609269,0.25656565656565655,0.4166666666666667,0.3163892637576848,arcnet_wine_initial_population_5_phase_20250722_175734,"[{'generation': 0, 'population_size': 5, 'avg_fitness': 0.058138382095473076, 'best_fitness': 0.09205353343627481, 'worst_fitness': 0.028894417942438886, 'fitness_std': 0.023959914717448856, 'avg_assembly_index': 19.0, 'total_q_experiences': 0, 'lineage_size': 5}, {'generation': 1, 'population_size': 6, 'avg_fitness': 0.07236526133132111, 'best_fitness': 0.13110102248885347, 'worst_fitness': 0.03176751391670722, 'fitness_std': 0.03237053687224252, 'avg_assembly_index': 19.0, 'total_q_experiences': 111, 'lineage_size': 7}, {'generation': 2, 'population_size': 6, 'avg_fitness': 0.09210670024363381, 'best_fitness': 0.1590731252501219, 'worst_fitness': 0.032858735290161874, 'fitness_std': 0.040402973936027695, 'avg_assembly_index': 19.333333333333332, 'total_q_experiences': 347, 'lineage_size': 9}, {'generation': 3, 'population_size': 6, 'avg_fitness': 0.12167536099168524, 'best_fitness': 0.1776572209630492, 'worst_fitness': 0.0659201786813437, 'fitness_std': 0.04151875164753467, 'avg_assembly_index': 19.5, 'total_q_experiences': 533, 'lineage_size': 11}, {'generation': 4, 'population_size': 5, 'avg_fitness': 0.15164106321444812, 'best_fitness': 0.20995385454646295, 'worst_fitness': 0.11063632324482682, 'fitness_std': 0.034414959699118404, 'avg_assembly_index': 19.6, 'total_q_experiences': 488, 'lineage_size': 13}]","{'hidden_dim': 16, 'initial_population': 5, 'steps': 5, 'epochs': 2, 'lineage_prune_rate': 800, 'lineage_kept': 500, 'num_survivors': 5, 'q_learning_method': 'neural', 'training_method': 'loss', 'enable_irxn': True}",0,0
wine,initial_population,10,0.40140846371650696,0.3888888955116272,7,0.4008544825930519,431203,0.16112874429676655,0.4014084507042254,0.22995257980041053,0.15123456790123457,0.3888888888888889,0.2177777777777778,arcnet_wine_initial_population_10_phase_20250722_175735,"[{'generation': 0, 'population_size': 10, 'avg_fitness': 0.1048001331139112, 'best_fitness': 0.2162746255597969, 'worst_fitness': 0.03442908047953853, 'fitness_std': 0.05929975566230458, 'avg_assembly_index': 19.0, 'total_q_experiences': 0, 'lineage_size': 10}, {'generation': 1, 'population_size': 5, 'avg_fitness': 0.19702230663733106, 'best_fitness': 0.24940661701412584, 'worst_fitness': 0.10304464285802027, 'fitness_std': 0.05451118782983402, 'avg_assembly_index': 19.0, 'total_q_experiences': 71, 'lineage_size': 12}, {'generation': 2, 'population_size': 6, 'avg_fitness': 0.22336026056057365, 'best_fitness': 0.3138050602298946, 'worst_fitness': 0.11868903903256371, 'fitness_std': 0.062131582992558436, 'avg_assembly_index': 19.333333333333332, 'total_q_experiences': 304, 'lineage_size': 14}, {'generation': 3, 'population_size': 6, 'avg_fitness': 0.2784757939088167, 'best_fitness': 0.3293967748157428, 'worst_fitness': 0.23780365180743473, 'fitness_std': 0.033339431123810756, 'avg_assembly_index': 19.5, 'total_q_experiences': 525, 'lineage_size': 16}, {'generation': 4, 'population_size': 7, 'avg_fitness': 0.28825808615467347, 'best_fitness': 0.4008544825930519, 'worst_fitness': 0.21864266421537734, 'fitness_std': 0.06047004339702417, 'avg_assembly_index': 19.714285714285715, 'total_q_experiences': 672, 'lineage_size': 18}]","{'hidden_dim': 16, 'initial_population': 10, 'steps': 5, 'epochs': 2, 'lineage_prune_rate': 800, 'lineage_kept': 500, 'num_survivors': 5, 'q_learning_method': 'neural', 'training_method': 'loss', 'enable_irxn': True}",0,0
wine,initial_population,20,0.4577464759349823,0.5,6,0.35362782871219495,882348,0.4553592742898066,0.45774647887323944,0.3732026332043613,0.4867383512544803,0.5,0.4057179987004549,arcnet_wine_initial_population_20_phase_20250722_175736,"[{'generation': 0, 'population_size': 20, 'avg_fitness': 0.10169252613571056, 'best_fitness': 0.27225908877969457, 'worst_fitness': 0.015585051800749336, 'fitness_std': 0.07762569948714924, 'avg_assembly_index': 19.0, 'total_q_experiences': 0, 'lineage_size': 20}, {'generation': 1, 'population_size': 5, 'avg_fitness': 0.22404424816056942, 'best_fitness': 0.3097543008157971, 'worst_fitness': 0.15732780867924437, 'fitness_std': 0.06048428384689636, 'avg_assembly_index': 19.0, 'total_q_experiences': 0, 'lineage_size': 22}, {'generation': 2, 'population_size': 6, 'avg_fitness': 0.25195810028368104, 'best_fitness': 0.2970298389958598, 'worst_fitness': 0.18239027350209255, 'fitness_std': 0.04000872308768257, 'avg_assembly_index': 19.0, 'total_q_experiences': 111, 'lineage_size': 24}, {'generation': 3, 'population_size': 6, 'avg_fitness': 0.2758467550495487, 'best_fitness': 0.331703301908951, 'worst_fitness': 0.20112445066411333, 'fitness_std': 0.05071742600433121, 'avg_assembly_index': 19.333333333333332, 'total_q_experiences': 343, 'lineage_size': 26}, {'generation': 4, 'population_size': 6, 'avg_fitness': 0.31707881061484716, 'best_fitness': 0.35362782871219495, 'worst_fitness': 0.2865081127014172, 'fitness_std': 0.02380570373392618, 'avg_assembly_index': 19.5, 'total_q_experiences': 537, 'lineage_size': 28}]","{'hidden_dim': 16, 'initial_population': 20, 'steps': 5, 'epochs': 2, 'lineage_prune_rate': 800, 'lineage_kept': 500, 'num_survivors': 5, 'q_learning_method': 'neural', 'training_method': 'loss', 'enable_irxn': True}",0,0
wine,initial_population,50,0.31690141558647156,0.3888888955116272,6,0.29279310661126945,504335,0.10042650267804008,0.31690140845070425,0.15251939444151538,0.15123456790123457,0.3888888888888889,0.2177777777777778,arcnet_wine_initial_population_50_phase_20250722_175738,"[{'generation': 0, 'population_size': 50, 'avg_fitness': 0.08567466418876975, 'best_fitness': 0.21356811835276676, 'worst_fitness': 0.015013887089548502, 'fitness_std': 0.04739337187259867, 'avg_assembly_index': 19.0, 'total_q_experiences': 0, 'lineage_size': 50}, {'generation': 1, 'population_size': 5, 'avg_fitness': 0.191448125701988, 'best_fitness': 0.22739741861372664, 'worst_fitness': 0.17467241925005414, 'fitness_std': 0.019170824426001834, 'avg_assembly_index': 19.0, 'total_q_experiences': 71, 'lineage_size': 52}, {'generation': 2, 'population_size': 7, 'avg_fitness': 0.22018108178141554, 'best_fitness': 0.24670352050522912, 'worst_fitness': 0.1949341250350893, 'fitness_std': 0.021240874456980828, 'avg_assembly_index': 19.285714285714285, 'total_q_experiences': 361, 'lineage_size': 54}, {'generation': 3, 'population_size': 6, 'avg_fitness': 0.23553355452503344, 'best_fitness': 0.27421773847041786, 'worst_fitness': 0.20575833350380504, 'fitness_std': 0.021462366512343227, 'avg_assembly_index': 19.5, 'total_q_experiences': 537, 'lineage_size': 56}, {'generation': 4, 'population_size': 6, 'avg_fitness': 0.25291796539749317, 'best_fitness': 0.29279310661126945, 'worst_fitness': 0.2271060870795045, 'fitness_std': 0.023037030016339742, 'avg_assembly_index': 19.833333333333332, 'total_q_experiences': 600, 'lineage_size': 58}]","{'hidden_dim': 16, 'initial_population': 50, 'steps': 5, 'epochs': 2, 'lineage_prune_rate': 800, 'lineage_kept': 500, 'num_survivors': 5, 'q_learning_method': 'neural', 'training_method': 'loss', 'enable_irxn': True}",0,0
wine,initial_population,100,0.31690141558647156,0.3888888955116272,7,0.45442001400647625,653437,0.10042650267804008,0.31690140845070425,0.15251939444151538,0.15123456790123457,0.3888888888888889,0.2177777777777778,arcnet_wine_initial_population_100_phase_20250722_175739,"[{'generation': 0, 'population_size': 100, 'avg_fitness': 0.10661513919888656, 'best_fitness': 0.38264393083496084, 'worst_fitness': 0.015387498842902867, 'fitness_std': 0.07094077469838499, 'avg_assembly_index': 19.0, 'total_q_experiences': 0, 'lineage_size': 100}, {'generation': 1, 'population_size': 5, 'avg_fitness': 0.33216145535341285, 'best_fitness': 0.455078594915934, 'worst_fitness': 0.25190317553369845, 'fitness_std': 0.07024014558186287, 'avg_assembly_index': 19.0, 'total_q_experiences': 0, 'lineage_size': 102}, {'generation': 2, 'population_size': 6, 'avg_fitness': 0.37290939268066053, 'best_fitness': 0.42943021944761195, 'worst_fitness': 0.3152813870353272, 'fitness_std': 0.0407447947736918, 'avg_assembly_index': 19.0, 'total_q_experiences': 133, 'lineage_size': 104}, {'generation': 3, 'population_size': 7, 'avg_fitness': 0.40081241774881166, 'best_fitness': 0.45770769341154394, 'worst_fitness': 0.34017557919129565, 'fitness_std': 0.04014322480683853, 'avg_assembly_index': 19.285714285714285, 'total_q_experiences': 424, 'lineage_size': 106}, {'generation': 4, 'population_size': 7, 'avg_fitness': 0.43579813955307783, 'best_fitness': 0.45442001400647625, 'worst_fitness': 0.3754530409111658, 'fitness_std': 0.026291984821102326, 'avg_assembly_index': 19.571428571428573, 'total_q_experiences': 662, 'lineage_size': 108}]","{'hidden_dim': 16, 'initial_population': 100, 'steps': 5, 'epochs': 2, 'lineage_prune_rate': 800, 'lineage_kept': 500, 'num_survivors': 5, 'q_learning_method': 'neural', 'training_method': 'loss', 'enable_irxn': True}",0,0
